{"avg": 543213.604468219, "min": 100281.0, "max": 999601.0, "sum": 1726332835.0, "std": 256019.8794245356}