{"sum": 684593.0, "avr": 558.8514285714285, "sumMD": 18757.0, "avrMD": 535.9142857142857, "sumSD": 18911.0, "avrSD": 540.3142857142857, "max": 998.0, "min": 100.0}